-- MySQL dump 10.13  Distrib 8.0.31, for macos12 (x86_64)
--
-- Host: localhost    Database: transporter
-- ------------------------------------------------------
-- Server version	8.0.33

/*!40101 SET @OLD_CHARACTER_SET_CLIENT=@@CHARACTER_SET_CLIENT */;
/*!40101 SET @OLD_CHARACTER_SET_RESULTS=@@CHARACTER_SET_RESULTS */;
/*!40101 SET @OLD_COLLATION_CONNECTION=@@COLLATION_CONNECTION */;
/*!50503 SET NAMES utf8 */;
/*!40103 SET @OLD_TIME_ZONE=@@TIME_ZONE */;
/*!40103 SET TIME_ZONE='+00:00' */;
/*!40014 SET @OLD_UNIQUE_CHECKS=@@UNIQUE_CHECKS, UNIQUE_CHECKS=0 */;
/*!40014 SET @OLD_FOREIGN_KEY_CHECKS=@@FOREIGN_KEY_CHECKS, FOREIGN_KEY_CHECKS=0 */;
/*!40101 SET @OLD_SQL_MODE=@@SQL_MODE, SQL_MODE='NO_AUTO_VALUE_ON_ZERO' */;
/*!40111 SET @OLD_SQL_NOTES=@@SQL_NOTES, SQL_NOTES=0 */;

--
-- Table structure for table `barang`
--

DROP TABLE IF EXISTS `barang`;
/*!40101 SET @saved_cs_client     = @@character_set_client */;
/*!50503 SET character_set_client = utf8mb4 */;
CREATE TABLE `barang` (
  `id` bigint unsigned NOT NULL AUTO_INCREMENT,
  `kode_barang` varchar(10) COLLATE utf8mb4_unicode_ci NOT NULL,
  `nama_barang` varchar(200) COLLATE utf8mb4_unicode_ci DEFAULT NULL,
  `deskripsi` varchar(255) COLLATE utf8mb4_unicode_ci DEFAULT NULL,
  `stok_barang` int DEFAULT NULL,
  `created_at` timestamp NULL DEFAULT NULL,
  `updated_at` timestamp NULL DEFAULT NULL,
  PRIMARY KEY (`id`)
) ENGINE=InnoDB AUTO_INCREMENT=3 DEFAULT CHARSET=utf8mb4 COLLATE=utf8mb4_unicode_ci;
/*!40101 SET character_set_client = @saved_cs_client */;

--
-- Dumping data for table `barang`
--

LOCK TABLES `barang` WRITE;
/*!40000 ALTER TABLE `barang` DISABLE KEYS */;
INSERT INTO `barang` VALUES (1,'1','TV','TV 32 Inch',800,'2023-07-15 04:33:30','2023-07-15 04:33:30'),(2,'2','Kulkas','Kulkas 2 Pintu',400,'2023-07-15 04:33:30','2023-07-15 04:33:30');
/*!40000 ALTER TABLE `barang` ENABLE KEYS */;
UNLOCK TABLES;

--
-- Table structure for table `lokasi`
--

DROP TABLE IF EXISTS `lokasi`;
/*!40101 SET @saved_cs_client     = @@character_set_client */;
/*!50503 SET character_set_client = utf8mb4 */;
CREATE TABLE `lokasi` (
  `id` bigint unsigned NOT NULL AUTO_INCREMENT,
  `kode_lokasi` varchar(10) COLLATE utf8mb4_unicode_ci DEFAULT NULL,
  `nama_lokasi` varchar(255) COLLATE utf8mb4_unicode_ci DEFAULT NULL,
  `created_at` timestamp NULL DEFAULT NULL,
  `updated_at` timestamp NULL DEFAULT NULL,
  PRIMARY KEY (`id`)
) ENGINE=InnoDB AUTO_INCREMENT=6 DEFAULT CHARSET=utf8mb4 COLLATE=utf8mb4_unicode_ci;
/*!40101 SET character_set_client = @saved_cs_client */;

--
-- Dumping data for table `lokasi`
--

LOCK TABLES `lokasi` WRITE;
/*!40000 ALTER TABLE `lokasi` DISABLE KEYS */;
INSERT INTO `lokasi` VALUES (1,'Jakpus','Jakarta Pusat','2023-07-15 04:33:30','2023-07-15 04:33:30'),(2,'Jakbar','Jakarta Barat','2023-07-15 04:33:30','2023-07-15 04:33:30'),(3,'Jaksel','Jakarta Selatan','2023-07-15 04:33:30','2023-07-15 04:33:30'),(4,'Jakut','Jakarta Utara','2023-07-15 04:33:30','2023-07-15 04:33:30'),(5,'Jaktim','Jakarta Timur','2023-07-15 04:33:30','2023-07-15 04:33:30');
/*!40000 ALTER TABLE `lokasi` ENABLE KEYS */;
UNLOCK TABLES;

--
-- Table structure for table `migrations`
--

DROP TABLE IF EXISTS `migrations`;
/*!40101 SET @saved_cs_client     = @@character_set_client */;
/*!50503 SET character_set_client = utf8mb4 */;
CREATE TABLE `migrations` (
  `id` int unsigned NOT NULL AUTO_INCREMENT,
  `migration` varchar(255) COLLATE utf8mb4_unicode_ci NOT NULL,
  `batch` int NOT NULL,
  PRIMARY KEY (`id`)
) ENGINE=InnoDB AUTO_INCREMENT=12 DEFAULT CHARSET=utf8mb4 COLLATE=utf8mb4_unicode_ci;
/*!40101 SET character_set_client = @saved_cs_client */;

--
-- Dumping data for table `migrations`
--

LOCK TABLES `migrations` WRITE;
/*!40000 ALTER TABLE `migrations` DISABLE KEYS */;
INSERT INTO `migrations` VALUES (1,'2014_10_12_000000_create_users_table',1),(2,'2014_10_12_100000_create_password_resets_table',1),(3,'2023_07_14_145457_create_barang_table',1),(4,'2023_07_14_145942_create_lokasi_table',1),(5,'2023_07_14_150115_create_pengiriman_table',1),(6,'2023_07_14_150535_update_user_table_to_be_used_for_kurir',1),(7,'2023_07_14_151750_create_default_user_as_sdmin',1),(8,'2023_07_14_151752_create_default_user_as_kurir',1),(9,'2023_07_14_181138_create_default_barang_records',1),(10,'2023_07_14_181147_create_default_lokasi_records',1),(11,'2023_07_15_021649_create_500_pengiriman_randomly',1);
/*!40000 ALTER TABLE `migrations` ENABLE KEYS */;
UNLOCK TABLES;

--
-- Table structure for table `password_resets`
--

DROP TABLE IF EXISTS `password_resets`;
/*!40101 SET @saved_cs_client     = @@character_set_client */;
/*!50503 SET character_set_client = utf8mb4 */;
CREATE TABLE `password_resets` (
  `email` varchar(255) COLLATE utf8mb4_unicode_ci NOT NULL,
  `token` varchar(255) COLLATE utf8mb4_unicode_ci NOT NULL,
  `created_at` timestamp NULL DEFAULT NULL,
  KEY `password_resets_email_index` (`email`)
) ENGINE=InnoDB DEFAULT CHARSET=utf8mb4 COLLATE=utf8mb4_unicode_ci;
/*!40101 SET character_set_client = @saved_cs_client */;

--
-- Dumping data for table `password_resets`
--

LOCK TABLES `password_resets` WRITE;
/*!40000 ALTER TABLE `password_resets` DISABLE KEYS */;
/*!40000 ALTER TABLE `password_resets` ENABLE KEYS */;
UNLOCK TABLES;

--
-- Table structure for table `pengiriman`
--

DROP TABLE IF EXISTS `pengiriman`;
/*!40101 SET @saved_cs_client     = @@character_set_client */;
/*!50503 SET character_set_client = utf8mb4 */;
CREATE TABLE `pengiriman` (
  `id` bigint unsigned NOT NULL AUTO_INCREMENT,
  `no_pengiriman` varchar(15) COLLATE utf8mb4_unicode_ci NOT NULL,
  `tanggal` date NOT NULL,
  `lokasi_id` int DEFAULT NULL,
  `barang_id` varchar(255) COLLATE utf8mb4_unicode_ci DEFAULT NULL,
  `jumlah_barang` varchar(255) COLLATE utf8mb4_unicode_ci NOT NULL,
  `harga_barang` varchar(255) COLLATE utf8mb4_unicode_ci DEFAULT NULL,
  `kurir_id` int DEFAULT NULL,
  `is_approved` tinyint(1) NOT NULL DEFAULT '0',
  `created_at` timestamp NULL DEFAULT NULL,
  `updated_at` timestamp NULL DEFAULT NULL,
  PRIMARY KEY (`id`),
  UNIQUE KEY `pengiriman_no_pengiriman_unique` (`no_pengiriman`)
) ENGINE=InnoDB AUTO_INCREMENT=501 DEFAULT CHARSET=utf8mb4 COLLATE=utf8mb4_unicode_ci;
/*!40101 SET character_set_client = @saved_cs_client */;

--
-- Dumping data for table `pengiriman`
--

LOCK TABLES `pengiriman` WRITE;
/*!40000 ALTER TABLE `pengiriman` DISABLE KEYS */;
INSERT INTO `pengiriman` VALUES (1,'TRX-2y7lJYlnSM','2023-07-15',2,'2','5','990',2,1,'2023-07-15 04:33:30','2023-07-15 04:33:30'),(2,'TRX-vy2GXymOoP','2023-07-15',2,'2','5','991',2,1,'2023-07-15 04:33:30','2023-07-15 04:33:30'),(3,'TRX-v8tNMI9qKN','2023-07-15',2,'2','5','992',2,1,'2023-07-15 04:33:30','2023-07-15 04:33:30'),(4,'TRX-qwoVYZIQtn','2023-07-15',2,'2','5','993',2,1,'2023-07-15 04:33:30','2023-07-15 04:33:30'),(5,'TRX-gW8lWbny1a','2023-07-15',2,'2','5','994',2,1,'2023-07-15 04:33:30','2023-07-15 04:33:30'),(6,'TRX-73jnK3m6IJ','2023-07-15',2,'2','5','995',2,1,'2023-07-15 04:33:30','2023-07-15 04:33:30'),(7,'TRX-rzKArnjNtY','2023-07-15',2,'2','5','996',2,1,'2023-07-15 04:33:30','2023-07-15 04:33:30'),(8,'TRX-bEI6uJAkZJ','2023-07-15',2,'2','5','997',2,1,'2023-07-15 04:33:30','2023-07-15 04:33:30'),(9,'TRX-3JbtXPcMNj','2023-07-15',2,'2','5','998',2,1,'2023-07-15 04:33:30','2023-07-15 04:33:30'),(10,'TRX-f0sVZyMsHW','2023-07-15',2,'2','5','999',2,1,'2023-07-15 04:33:30','2023-07-15 04:33:30'),(11,'TRX-BocCsfDtxu','2023-07-15',2,'2','5','1000',2,1,'2023-07-15 04:33:30','2023-07-15 04:33:30'),(12,'TRX-SoxfujwSfK','2023-07-15',2,'2','5','1001',2,1,'2023-07-15 04:33:30','2023-07-15 04:33:30'),(13,'TRX-OdXcQQSk0v','2023-07-15',2,'2','5','1002',2,1,'2023-07-15 04:33:30','2023-07-15 04:33:30'),(14,'TRX-efof0nv70d','2023-07-15',2,'2','5','1003',2,1,'2023-07-15 04:33:30','2023-07-15 04:33:30'),(15,'TRX-MHKxusyt7y','2023-07-15',2,'2','5','1004',2,1,'2023-07-15 04:33:30','2023-07-15 04:33:30'),(16,'TRX-RBjBYpVaeP','2023-07-15',2,'2','5','1005',2,1,'2023-07-15 04:33:30','2023-07-15 04:33:30'),(17,'TRX-0TYgH1zm5d','2023-07-15',2,'2','5','1006',2,1,'2023-07-15 04:33:30','2023-07-15 04:33:30'),(18,'TRX-OoHDlFrI3o','2023-07-15',2,'2','5','1007',2,1,'2023-07-15 04:33:30','2023-07-15 04:33:30'),(19,'TRX-EelXr7HVO4','2023-07-15',2,'2','5','1008',2,1,'2023-07-15 04:33:30','2023-07-15 04:33:30'),(20,'TRX-2o8bEgy06U','2023-07-15',2,'2','5','1009',2,1,'2023-07-15 04:33:30','2023-07-15 04:33:30'),(21,'TRX-Oy8m2x7BY6','2023-07-15',2,'2','5','1010',2,1,'2023-07-15 04:33:30','2023-07-15 04:33:30'),(22,'TRX-JPYXIgtIhJ','2023-07-15',2,'2','5','1011',2,1,'2023-07-15 04:33:30','2023-07-15 04:33:30'),(23,'TRX-hk7w7EZd7M','2023-07-15',2,'2','5','1012',2,1,'2023-07-15 04:33:30','2023-07-15 04:33:30'),(24,'TRX-Iu7tll9ZLV','2023-07-15',2,'2','5','1013',2,1,'2023-07-15 04:33:30','2023-07-15 04:33:30'),(25,'TRX-DKQNDML3ZB','2023-07-15',2,'2','5','1014',2,1,'2023-07-15 04:33:30','2023-07-15 04:33:30'),(26,'TRX-LiGrXs1Bd2','2023-07-15',2,'2','5','1015',2,1,'2023-07-15 04:33:30','2023-07-15 04:33:30'),(27,'TRX-bYLCuYhJcl','2023-07-15',2,'2','5','1016',2,1,'2023-07-15 04:33:30','2023-07-15 04:33:30'),(28,'TRX-YH4xa1E0dt','2023-07-15',2,'2','5','1017',2,1,'2023-07-15 04:33:30','2023-07-15 04:33:30'),(29,'TRX-OKnqj76lBC','2023-07-15',2,'2','5','1018',2,1,'2023-07-15 04:33:30','2023-07-15 04:33:30'),(30,'TRX-dOclxUeIOb','2023-07-15',2,'2','5','1019',2,1,'2023-07-15 04:33:30','2023-07-15 04:33:30'),(31,'TRX-DVEgUNFz5i','2023-07-15',2,'2','5','1020',2,1,'2023-07-15 04:33:30','2023-07-15 04:33:30'),(32,'TRX-Dah0Gc4OXv','2023-07-15',2,'2','5','1021',2,1,'2023-07-15 04:33:30','2023-07-15 04:33:30'),(33,'TRX-doLX1VHpRd','2023-07-15',2,'2','5','1022',2,1,'2023-07-15 04:33:30','2023-07-15 04:33:30'),(34,'TRX-j1vdkdRoMc','2023-07-15',2,'2','5','1023',2,1,'2023-07-15 04:33:30','2023-07-15 04:33:30'),(35,'TRX-bL4d8duxsE','2023-07-15',2,'2','5','1024',2,1,'2023-07-15 04:33:30','2023-07-15 04:33:30'),(36,'TRX-DER7l0k4Tv','2023-07-15',2,'2','5','1025',2,1,'2023-07-15 04:33:30','2023-07-15 04:33:30'),(37,'TRX-6p1kjamyTq','2023-07-15',2,'2','5','1026',2,1,'2023-07-15 04:33:30','2023-07-15 04:33:30'),(38,'TRX-c6oQRXE4vU','2023-07-15',2,'2','5','1027',2,1,'2023-07-15 04:33:30','2023-07-15 04:33:30'),(39,'TRX-oBdO7k8U4Q','2023-07-15',2,'2','5','1028',2,1,'2023-07-15 04:33:30','2023-07-15 04:33:30'),(40,'TRX-5VdV98DQXv','2023-07-15',2,'2','5','1029',2,1,'2023-07-15 04:33:30','2023-07-15 04:33:30'),(41,'TRX-akCphJOt0R','2023-07-15',2,'2','5','1030',2,1,'2023-07-15 04:33:30','2023-07-15 04:33:30'),(42,'TRX-0ENLps65qV','2023-07-15',2,'2','5','1031',2,1,'2023-07-15 04:33:30','2023-07-15 04:33:30'),(43,'TRX-ARAwcXFTqB','2023-07-15',2,'2','5','1032',2,1,'2023-07-15 04:33:30','2023-07-15 04:33:30'),(44,'TRX-T1806eo6s0','2023-07-15',2,'2','5','1033',2,1,'2023-07-15 04:33:30','2023-07-15 04:33:30'),(45,'TRX-HI2MkSjrJX','2023-07-15',2,'2','5','1034',2,1,'2023-07-15 04:33:30','2023-07-15 04:33:30'),(46,'TRX-NCJag4L35l','2023-07-15',2,'2','5','1035',2,1,'2023-07-15 04:33:30','2023-07-15 04:33:30'),(47,'TRX-RfmW5FSAxM','2023-07-15',2,'2','5','1036',2,1,'2023-07-15 04:33:30','2023-07-15 04:33:30'),(48,'TRX-Hv6IMgnYP9','2023-07-15',2,'2','5','1037',2,1,'2023-07-15 04:33:30','2023-07-15 04:33:30'),(49,'TRX-5q06pCFnex','2023-07-15',2,'2','5','1038',2,1,'2023-07-15 04:33:30','2023-07-15 04:33:30'),(50,'TRX-dVWQZWsrr6','2023-07-15',2,'2','5','1039',2,1,'2023-07-15 04:33:30','2023-07-15 04:33:30'),(51,'TRX-XrxA2q2eqb','2023-07-15',2,'2','5','1040',2,1,'2023-07-15 04:33:30','2023-07-15 04:33:30'),(52,'TRX-KLAsXFByyj','2023-07-15',2,'2','5','1041',2,1,'2023-07-15 04:33:30','2023-07-15 04:33:30'),(53,'TRX-HtxC794vMH','2023-07-15',2,'2','5','1042',2,1,'2023-07-15 04:33:30','2023-07-15 04:33:30'),(54,'TRX-JZBA7uNB3f','2023-07-15',2,'2','5','1043',2,1,'2023-07-15 04:33:30','2023-07-15 04:33:30'),(55,'TRX-32HIHJFQ0w','2023-07-15',2,'2','5','1044',2,1,'2023-07-15 04:33:30','2023-07-15 04:33:30'),(56,'TRX-Dj3uusQDMH','2023-07-15',2,'2','5','1045',2,1,'2023-07-15 04:33:30','2023-07-15 04:33:30'),(57,'TRX-LhrKQjdR35','2023-07-15',2,'2','5','1046',2,1,'2023-07-15 04:33:30','2023-07-15 04:33:30'),(58,'TRX-oBhUpBzA8P','2023-07-15',2,'2','5','1047',2,1,'2023-07-15 04:33:30','2023-07-15 04:33:30'),(59,'TRX-RFCyTB4sy5','2023-07-15',2,'2','5','1048',2,1,'2023-07-15 04:33:30','2023-07-15 04:33:30'),(60,'TRX-9nKYgMnv3z','2023-07-15',2,'2','5','1049',2,1,'2023-07-15 04:33:30','2023-07-15 04:33:30'),(61,'TRX-h5YAkrU8HS','2023-07-15',2,'2','5','1050',2,1,'2023-07-15 04:33:30','2023-07-15 04:33:30'),(62,'TRX-59mnlIROJX','2023-07-15',2,'2','5','1051',2,1,'2023-07-15 04:33:30','2023-07-15 04:33:30'),(63,'TRX-6xO1zNOKPa','2023-07-15',2,'2','5','1052',2,1,'2023-07-15 04:33:30','2023-07-15 04:33:30'),(64,'TRX-QQg9gbgotE','2023-07-15',2,'2','5','1053',2,1,'2023-07-15 04:33:30','2023-07-15 04:33:30'),(65,'TRX-Agh5enE34j','2023-07-15',2,'2','5','1054',2,1,'2023-07-15 04:33:30','2023-07-15 04:33:30'),(66,'TRX-MYH3mnj09J','2023-07-15',2,'2','5','1055',2,1,'2023-07-15 04:33:30','2023-07-15 04:33:30'),(67,'TRX-9dKJiuf6JZ','2023-07-15',2,'2','5','1056',2,1,'2023-07-15 04:33:30','2023-07-15 04:33:30'),(68,'TRX-ZuI0zZsVj6','2023-07-15',2,'2','5','1057',2,1,'2023-07-15 04:33:30','2023-07-15 04:33:30'),(69,'TRX-yhaDQ0vkSu','2023-07-15',2,'2','5','1058',2,1,'2023-07-15 04:33:30','2023-07-15 04:33:30'),(70,'TRX-0Ae6BP4kWE','2023-07-15',2,'2','5','1059',2,1,'2023-07-15 04:33:30','2023-07-15 04:33:30'),(71,'TRX-XaxWeo9vSD','2023-07-15',2,'2','5','1060',2,1,'2023-07-15 04:33:30','2023-07-15 04:33:30'),(72,'TRX-pWSrvjxBC3','2023-07-15',2,'2','5','1061',2,1,'2023-07-15 04:33:30','2023-07-15 04:33:30'),(73,'TRX-9HCsnqRMQp','2023-07-15',2,'2','5','1062',2,1,'2023-07-15 04:33:30','2023-07-15 04:33:30'),(74,'TRX-EtYvGa5NB5','2023-07-15',2,'2','5','1063',2,1,'2023-07-15 04:33:30','2023-07-15 04:33:30'),(75,'TRX-2xHOophrFV','2023-07-15',2,'2','5','1064',2,1,'2023-07-15 04:33:30','2023-07-15 04:33:30'),(76,'TRX-ikowfy5VA1','2023-07-15',2,'2','5','1065',2,1,'2023-07-15 04:33:30','2023-07-15 04:33:30'),(77,'TRX-C2geKECaiI','2023-07-15',2,'2','5','1066',2,1,'2023-07-15 04:33:30','2023-07-15 04:33:30'),(78,'TRX-8vGsDFhHxh','2023-07-15',2,'2','5','1067',2,1,'2023-07-15 04:33:30','2023-07-15 04:33:30'),(79,'TRX-i941rGAcnU','2023-07-15',2,'2','5','1068',2,1,'2023-07-15 04:33:30','2023-07-15 04:33:30'),(80,'TRX-4r9IzCTeAN','2023-07-15',2,'2','5','1069',2,1,'2023-07-15 04:33:30','2023-07-15 04:33:30'),(81,'TRX-xQ9EydBOUO','2023-07-15',2,'2','5','1070',2,1,'2023-07-15 04:33:30','2023-07-15 04:33:30'),(82,'TRX-aX3P5US8h0','2023-07-15',2,'2','5','1071',2,1,'2023-07-15 04:33:30','2023-07-15 04:33:30'),(83,'TRX-Wm8vvanm9P','2023-07-15',2,'2','5','1072',2,1,'2023-07-15 04:33:30','2023-07-15 04:33:30'),(84,'TRX-ReacwEgXwg','2023-07-15',2,'2','5','1073',2,1,'2023-07-15 04:33:30','2023-07-15 04:33:30'),(85,'TRX-pI7wKxu0pA','2023-07-15',2,'2','5','1074',2,1,'2023-07-15 04:33:30','2023-07-15 04:33:30'),(86,'TRX-46lVNm23Or','2023-07-15',2,'2','5','1075',2,1,'2023-07-15 04:33:30','2023-07-15 04:33:30'),(87,'TRX-gccR1AExYK','2023-07-15',2,'2','5','1076',2,1,'2023-07-15 04:33:30','2023-07-15 04:33:30'),(88,'TRX-J2U8JgFLD4','2023-07-15',2,'2','5','1077',2,1,'2023-07-15 04:33:30','2023-07-15 04:33:30'),(89,'TRX-soURS24zHK','2023-07-15',2,'2','5','1078',2,1,'2023-07-15 04:33:30','2023-07-15 04:33:30'),(90,'TRX-NjDN7lXakr','2023-07-15',2,'2','5','1079',2,1,'2023-07-15 04:33:30','2023-07-15 04:33:30'),(91,'TRX-AGQbTZcQNx','2023-07-15',2,'2','5','1080',2,1,'2023-07-15 04:33:30','2023-07-15 04:33:30'),(92,'TRX-wgOrNXRwnj','2023-07-15',2,'2','5','1081',2,1,'2023-07-15 04:33:30','2023-07-15 04:33:30'),(93,'TRX-53UeqlURyZ','2023-07-15',2,'2','5','1082',2,1,'2023-07-15 04:33:30','2023-07-15 04:33:30'),(94,'TRX-zWirUX2LXx','2023-07-15',2,'2','5','1083',2,1,'2023-07-15 04:33:30','2023-07-15 04:33:30'),(95,'TRX-4A2yWnDWNw','2023-07-15',2,'2','5','1084',2,1,'2023-07-15 04:33:30','2023-07-15 04:33:30'),(96,'TRX-jGc3OcNjxn','2023-07-15',2,'2','5','1085',2,1,'2023-07-15 04:33:30','2023-07-15 04:33:30'),(97,'TRX-OBEh8xbzbm','2023-07-15',2,'2','5','1086',2,1,'2023-07-15 04:33:30','2023-07-15 04:33:30'),(98,'TRX-gQ0wIoBVyt','2023-07-15',2,'2','5','1087',2,1,'2023-07-15 04:33:30','2023-07-15 04:33:30'),(99,'TRX-6iIyYs9rZ8','2023-07-15',2,'2','5','1088',2,1,'2023-07-15 04:33:30','2023-07-15 04:33:30'),(100,'TRX-wFZwpiQvfH','2023-07-15',2,'2','5','1089',2,1,'2023-07-15 04:33:30','2023-07-15 04:33:30'),(101,'TRX-xkPWFvUqz9','2023-07-15',2,'2','5','1090',2,1,'2023-07-15 04:33:30','2023-07-15 04:33:30'),(102,'TRX-AdmRVBBzIH','2023-07-15',2,'2','5','1091',2,1,'2023-07-15 04:33:30','2023-07-15 04:33:30'),(103,'TRX-uiTOdiy9T7','2023-07-15',2,'2','5','1092',2,1,'2023-07-15 04:33:30','2023-07-15 04:33:30'),(104,'TRX-ygQ6zZXX62','2023-07-15',2,'2','5','1093',2,1,'2023-07-15 04:33:30','2023-07-15 04:33:30'),(105,'TRX-7xmSmrsQcV','2023-07-15',2,'2','5','1094',2,1,'2023-07-15 04:33:30','2023-07-15 04:33:30'),(106,'TRX-7wZ0BsYhaJ','2023-07-15',2,'2','5','1095',2,1,'2023-07-15 04:33:30','2023-07-15 04:33:30'),(107,'TRX-keFAoqY5nb','2023-07-15',2,'2','5','1096',2,1,'2023-07-15 04:33:30','2023-07-15 04:33:30'),(108,'TRX-RdFEnG5wMd','2023-07-15',2,'2','5','1097',2,1,'2023-07-15 04:33:30','2023-07-15 04:33:30'),(109,'TRX-awMJAxbJAK','2023-07-15',2,'2','5','1098',2,1,'2023-07-15 04:33:30','2023-07-15 04:33:30'),(110,'TRX-mfLB58a65K','2023-07-15',2,'2','5','1099',2,1,'2023-07-15 04:33:30','2023-07-15 04:33:30'),(111,'TRX-PBl2fLCv0p','2023-07-15',2,'2','5','1100',2,1,'2023-07-15 04:33:30','2023-07-15 04:33:30'),(112,'TRX-9FIAmpA6ZE','2023-07-15',2,'2','5','1101',2,1,'2023-07-15 04:33:30','2023-07-15 04:33:30'),(113,'TRX-knrDAwA3p4','2023-07-15',2,'2','5','1102',2,1,'2023-07-15 04:33:30','2023-07-15 04:33:30'),(114,'TRX-DFObWs9Uou','2023-07-15',2,'2','5','1103',2,1,'2023-07-15 04:33:30','2023-07-15 04:33:30'),(115,'TRX-Z6Qh3uMj8w','2023-07-15',2,'2','5','1104',2,1,'2023-07-15 04:33:30','2023-07-15 04:33:30'),(116,'TRX-PURrdnMruG','2023-07-15',2,'2','5','1105',2,1,'2023-07-15 04:33:30','2023-07-15 04:33:30'),(117,'TRX-rJo7Y0TfK4','2023-07-15',2,'2','5','1106',2,1,'2023-07-15 04:33:30','2023-07-15 04:33:30'),(118,'TRX-BesmTrEyCy','2023-07-15',2,'2','5','1107',2,1,'2023-07-15 04:33:30','2023-07-15 04:33:30'),(119,'TRX-3IG8iHxvgv','2023-07-15',2,'2','5','1108',2,1,'2023-07-15 04:33:30','2023-07-15 04:33:30'),(120,'TRX-aTiWlAHTda','2023-07-15',2,'2','5','1109',2,1,'2023-07-15 04:33:30','2023-07-15 04:33:30'),(121,'TRX-w4eaUGrhhE','2023-07-15',2,'2','5','1110',2,1,'2023-07-15 04:33:30','2023-07-15 04:33:30'),(122,'TRX-eCrMm5ZoUP','2023-07-15',2,'2','5','1111',2,1,'2023-07-15 04:33:30','2023-07-15 04:33:30'),(123,'TRX-KCHUqcp8sC','2023-07-15',2,'2','5','1112',2,1,'2023-07-15 04:33:30','2023-07-15 04:33:30'),(124,'TRX-IzKPAWMMjA','2023-07-15',2,'2','5','1113',2,1,'2023-07-15 04:33:30','2023-07-15 04:33:30'),(125,'TRX-1EgYwKI7Z5','2023-07-15',2,'2','5','1114',2,1,'2023-07-15 04:33:30','2023-07-15 04:33:30'),(126,'TRX-pPHnRMLhFf','2023-07-15',2,'2','5','1115',2,1,'2023-07-15 04:33:30','2023-07-15 04:33:30'),(127,'TRX-OrAmjABwRQ','2023-07-15',2,'2','5','1116',2,1,'2023-07-15 04:33:30','2023-07-15 04:33:30'),(128,'TRX-oCehIw6xaJ','2023-07-15',2,'2','5','1117',2,1,'2023-07-15 04:33:30','2023-07-15 04:33:30'),(129,'TRX-K7vDqM6ZrR','2023-07-15',2,'2','5','1118',2,1,'2023-07-15 04:33:30','2023-07-15 04:33:30'),(130,'TRX-2rdQv6NQoW','2023-07-15',2,'2','5','1119',2,1,'2023-07-15 04:33:30','2023-07-15 04:33:30'),(131,'TRX-ylEeNmaAUt','2023-07-15',2,'2','5','1120',2,1,'2023-07-15 04:33:30','2023-07-15 04:33:30'),(132,'TRX-9uYF2EzSOc','2023-07-15',2,'2','5','1121',2,1,'2023-07-15 04:33:30','2023-07-15 04:33:30'),(133,'TRX-74G6hrTdSv','2023-07-15',2,'2','5','1122',2,1,'2023-07-15 04:33:30','2023-07-15 04:33:30'),(134,'TRX-3oCes5SbtP','2023-07-15',2,'2','5','1123',2,1,'2023-07-15 04:33:30','2023-07-15 04:33:30'),(135,'TRX-lSKCjdS495','2023-07-15',2,'2','5','1124',2,1,'2023-07-15 04:33:30','2023-07-15 04:33:30'),(136,'TRX-pL9fke1Ppn','2023-07-15',2,'2','5','1125',2,1,'2023-07-15 04:33:30','2023-07-15 04:33:30'),(137,'TRX-qbIuEiLFmx','2023-07-15',2,'2','5','1126',2,1,'2023-07-15 04:33:30','2023-07-15 04:33:30'),(138,'TRX-TBxNY4ncwx','2023-07-15',2,'2','5','1127',2,1,'2023-07-15 04:33:30','2023-07-15 04:33:30'),(139,'TRX-5abke0kV2i','2023-07-15',2,'2','5','1128',2,1,'2023-07-15 04:33:30','2023-07-15 04:33:30'),(140,'TRX-FtrfYbpuBK','2023-07-15',2,'2','5','1129',2,1,'2023-07-15 04:33:30','2023-07-15 04:33:30'),(141,'TRX-Uzv4fRlLy7','2023-07-15',2,'2','5','1130',2,1,'2023-07-15 04:33:30','2023-07-15 04:33:30'),(142,'TRX-yzDMhoeDUX','2023-07-15',2,'2','5','1131',2,1,'2023-07-15 04:33:30','2023-07-15 04:33:30'),(143,'TRX-O2oBg7d7Qx','2023-07-15',2,'2','5','1132',2,1,'2023-07-15 04:33:30','2023-07-15 04:33:30'),(144,'TRX-K3UVhQARgE','2023-07-15',2,'2','5','1133',2,1,'2023-07-15 04:33:30','2023-07-15 04:33:30'),(145,'TRX-M7OwDodKkg','2023-07-15',2,'2','5','1134',2,1,'2023-07-15 04:33:30','2023-07-15 04:33:30'),(146,'TRX-wjlteqKkC3','2023-07-15',2,'2','5','1135',2,1,'2023-07-15 04:33:30','2023-07-15 04:33:30'),(147,'TRX-y1i81ogN7k','2023-07-15',2,'2','5','1136',2,1,'2023-07-15 04:33:30','2023-07-15 04:33:30'),(148,'TRX-yFnXr1MJDK','2023-07-15',2,'2','5','1137',2,1,'2023-07-15 04:33:30','2023-07-15 04:33:30'),(149,'TRX-jUOsKqIrEZ','2023-07-15',2,'2','5','1138',2,1,'2023-07-15 04:33:30','2023-07-15 04:33:30'),(150,'TRX-9pYlMi3AYA','2023-07-15',2,'2','5','1139',2,1,'2023-07-15 04:33:30','2023-07-15 04:33:30'),(151,'TRX-NrNLfytVqd','2023-07-15',2,'2','5','1140',2,1,'2023-07-15 04:33:30','2023-07-15 04:33:30'),(152,'TRX-EuHw68MbXB','2023-07-15',2,'2','5','1141',2,1,'2023-07-15 04:33:30','2023-07-15 04:33:30'),(153,'TRX-ubIbzVgKot','2023-07-15',2,'2','5','1142',2,1,'2023-07-15 04:33:30','2023-07-15 04:33:30'),(154,'TRX-Ei5FHSVxnj','2023-07-15',2,'2','5','1143',2,1,'2023-07-15 04:33:30','2023-07-15 04:33:30'),(155,'TRX-4aHcLJuDRt','2023-07-15',2,'2','5','1144',2,1,'2023-07-15 04:33:30','2023-07-15 04:33:30'),(156,'TRX-FLVzasZ7Gx','2023-07-15',2,'2','5','1145',2,1,'2023-07-15 04:33:30','2023-07-15 04:33:30'),(157,'TRX-nU7aVPGJJ0','2023-07-15',2,'2','5','1146',2,1,'2023-07-15 04:33:30','2023-07-15 04:33:30'),(158,'TRX-9RE3iTsUSX','2023-07-15',2,'2','5','1147',2,1,'2023-07-15 04:33:30','2023-07-15 04:33:30'),(159,'TRX-0ljpiOtxyy','2023-07-15',2,'2','5','1148',2,1,'2023-07-15 04:33:30','2023-07-15 04:33:30'),(160,'TRX-z4GgLI4UkZ','2023-07-15',2,'2','5','1149',2,1,'2023-07-15 04:33:30','2023-07-15 04:33:30'),(161,'TRX-19jUIxlnkM','2023-07-15',2,'2','5','1150',2,1,'2023-07-15 04:33:30','2023-07-15 04:33:30'),(162,'TRX-nIDAe4LyMm','2023-07-15',2,'2','5','1151',2,1,'2023-07-15 04:33:30','2023-07-15 04:33:30'),(163,'TRX-Vh0C626Hk9','2023-07-15',2,'2','5','1152',2,1,'2023-07-15 04:33:30','2023-07-15 04:33:30'),(164,'TRX-Mr2UGNXdMu','2023-07-15',2,'2','5','1153',2,1,'2023-07-15 04:33:30','2023-07-15 04:33:30'),(165,'TRX-vO1Xp35TDE','2023-07-15',2,'2','5','1154',2,1,'2023-07-15 04:33:30','2023-07-15 04:33:30'),(166,'TRX-NbXig49ioS','2023-07-15',2,'2','5','1155',2,1,'2023-07-15 04:33:30','2023-07-15 04:33:30'),(167,'TRX-d3OdzkZTTb','2023-07-15',2,'2','5','1156',2,1,'2023-07-15 04:33:30','2023-07-15 04:33:30'),(168,'TRX-V6qTvx7xp9','2023-07-15',2,'2','5','1157',2,1,'2023-07-15 04:33:30','2023-07-15 04:33:30'),(169,'TRX-PAHPpHcvBB','2023-07-15',2,'2','5','1158',2,1,'2023-07-15 04:33:30','2023-07-15 04:33:30'),(170,'TRX-BIlEyqCC23','2023-07-15',2,'2','5','1159',2,1,'2023-07-15 04:33:30','2023-07-15 04:33:30'),(171,'TRX-fDSODIjBhN','2023-07-15',2,'2','5','1160',2,1,'2023-07-15 04:33:30','2023-07-15 04:33:30'),(172,'TRX-SevifzGWAK','2023-07-15',2,'2','5','1161',2,1,'2023-07-15 04:33:30','2023-07-15 04:33:30'),(173,'TRX-cHL0rfJQTc','2023-07-15',2,'2','5','1162',2,1,'2023-07-15 04:33:30','2023-07-15 04:33:30'),(174,'TRX-MdqDwoP1Hm','2023-07-15',2,'2','5','1163',2,1,'2023-07-15 04:33:30','2023-07-15 04:33:30'),(175,'TRX-3o3BvklnTk','2023-07-15',2,'2','5','1164',2,1,'2023-07-15 04:33:30','2023-07-15 04:33:30'),(176,'TRX-19LdHLGX1M','2023-07-15',2,'2','5','1165',2,1,'2023-07-15 04:33:30','2023-07-15 04:33:30'),(177,'TRX-XKyjwvWyb7','2023-07-15',2,'2','5','1166',2,1,'2023-07-15 04:33:30','2023-07-15 04:33:30'),(178,'TRX-50i7RT4g5U','2023-07-15',2,'2','5','1167',2,1,'2023-07-15 04:33:30','2023-07-15 04:33:30'),(179,'TRX-kshSpDZAVS','2023-07-15',2,'2','5','1168',2,1,'2023-07-15 04:33:30','2023-07-15 04:33:30'),(180,'TRX-IPjF5M7ae9','2023-07-15',2,'2','5','1169',2,1,'2023-07-15 04:33:30','2023-07-15 04:33:30'),(181,'TRX-duDyB3Ii86','2023-07-15',2,'2','5','1170',2,1,'2023-07-15 04:33:30','2023-07-15 04:33:30'),(182,'TRX-ZpSqVqJrxk','2023-07-15',2,'2','5','1171',2,1,'2023-07-15 04:33:30','2023-07-15 04:33:30'),(183,'TRX-T81U0b7dfp','2023-07-15',2,'2','5','1172',2,1,'2023-07-15 04:33:30','2023-07-15 04:33:30'),(184,'TRX-Lx9dgeMMm7','2023-07-15',2,'2','5','1173',2,1,'2023-07-15 04:33:30','2023-07-15 04:33:30'),(185,'TRX-vpaTM516v1','2023-07-15',2,'2','5','1174',2,1,'2023-07-15 04:33:30','2023-07-15 04:33:30'),(186,'TRX-sRhoDqh7Ob','2023-07-15',2,'2','5','1175',2,1,'2023-07-15 04:33:30','2023-07-15 04:33:30'),(187,'TRX-qMqq5UIisT','2023-07-15',2,'2','5','1176',2,1,'2023-07-15 04:33:30','2023-07-15 04:33:30'),(188,'TRX-lHL3K8cqsT','2023-07-15',2,'2','5','1177',2,1,'2023-07-15 04:33:30','2023-07-15 04:33:30'),(189,'TRX-1PiiZF2sal','2023-07-15',2,'2','5','1178',2,1,'2023-07-15 04:33:30','2023-07-15 04:33:30'),(190,'TRX-MQGw0kQk7i','2023-07-15',2,'2','5','1179',2,1,'2023-07-15 04:33:30','2023-07-15 04:33:30'),(191,'TRX-EjtwZQjng4','2023-07-15',2,'2','5','1180',2,1,'2023-07-15 04:33:30','2023-07-15 04:33:30'),(192,'TRX-FZ65AvOMIB','2023-07-15',2,'2','5','1181',2,1,'2023-07-15 04:33:30','2023-07-15 04:33:30'),(193,'TRX-JdQfE4xxvM','2023-07-15',2,'2','5','1182',2,1,'2023-07-15 04:33:30','2023-07-15 04:33:30'),(194,'TRX-vXe44T7xfT','2023-07-15',2,'2','5','1183',2,1,'2023-07-15 04:33:30','2023-07-15 04:33:30'),(195,'TRX-R0TZkW3qVI','2023-07-15',2,'2','5','1184',2,1,'2023-07-15 04:33:30','2023-07-15 04:33:30'),(196,'TRX-VHNGiiKIo7','2023-07-15',2,'2','5','1185',2,1,'2023-07-15 04:33:30','2023-07-15 04:33:30'),(197,'TRX-NekhaK1mBI','2023-07-15',2,'2','5','1186',2,1,'2023-07-15 04:33:30','2023-07-15 04:33:30'),(198,'TRX-NnBpnhvPme','2023-07-15',2,'2','5','1187',2,1,'2023-07-15 04:33:30','2023-07-15 04:33:30'),(199,'TRX-SCpKHLtGTy','2023-07-15',2,'2','5','1188',2,1,'2023-07-15 04:33:30','2023-07-15 04:33:30'),(200,'TRX-taNqWbVHWH','2023-07-15',2,'2','5','1189',2,1,'2023-07-15 04:33:30','2023-07-15 04:33:30'),(201,'TRX-VJSErtYX4N','2023-07-15',1,'1','5','990',1,1,'2023-07-15 04:33:30','2023-07-15 04:33:30'),(202,'TRX-po2MGfsiJR','2023-07-15',1,'1','5','991',1,1,'2023-07-15 04:33:30','2023-07-15 04:33:30'),(203,'TRX-0fEti2ZvZE','2023-07-15',1,'1','5','992',1,1,'2023-07-15 04:33:30','2023-07-15 04:33:30'),(204,'TRX-m5e6x6Mgx5','2023-07-15',1,'1','5','993',1,1,'2023-07-15 04:33:30','2023-07-15 04:33:30'),(205,'TRX-oUhXYMk5k0','2023-07-15',1,'1','5','994',1,1,'2023-07-15 04:33:30','2023-07-15 04:33:30'),(206,'TRX-7StwLyrSW6','2023-07-15',1,'1','5','995',1,1,'2023-07-15 04:33:30','2023-07-15 04:33:30'),(207,'TRX-N2DjEeGHTe','2023-07-15',1,'1','5','996',1,1,'2023-07-15 04:33:30','2023-07-15 04:33:30'),(208,'TRX-LCSHmb4drH','2023-07-15',1,'1','5','997',1,1,'2023-07-15 04:33:30','2023-07-15 04:33:30'),(209,'TRX-xORjEeXZvu','2023-07-15',1,'1','5','998',1,1,'2023-07-15 04:33:30','2023-07-15 04:33:30'),(210,'TRX-e0GsnEER5y','2023-07-15',1,'1','5','999',1,1,'2023-07-15 04:33:30','2023-07-15 04:33:30'),(211,'TRX-ZOMSIopdEs','2023-07-15',1,'1','5','1000',1,1,'2023-07-15 04:33:30','2023-07-15 04:33:30'),(212,'TRX-HxudFVca1K','2023-07-15',1,'1','5','1001',1,1,'2023-07-15 04:33:30','2023-07-15 04:33:30'),(213,'TRX-wMRad48IvC','2023-07-15',1,'1','5','1002',1,1,'2023-07-15 04:33:30','2023-07-15 04:33:30'),(214,'TRX-1Jjnpgagn7','2023-07-15',1,'1','5','1003',1,1,'2023-07-15 04:33:30','2023-07-15 04:33:30'),(215,'TRX-BDySoXxMzl','2023-07-15',1,'1','5','1004',1,1,'2023-07-15 04:33:30','2023-07-15 04:33:30'),(216,'TRX-RmSlVyVzrR','2023-07-15',1,'1','5','1005',1,1,'2023-07-15 04:33:30','2023-07-15 04:33:30'),(217,'TRX-cHewinV5mC','2023-07-15',1,'1','5','1006',1,1,'2023-07-15 04:33:30','2023-07-15 04:33:30'),(218,'TRX-vDSWyzIGvl','2023-07-15',1,'1','5','1007',1,1,'2023-07-15 04:33:30','2023-07-15 04:33:30'),(219,'TRX-jfzfgYj5MU','2023-07-15',1,'1','5','1008',1,1,'2023-07-15 04:33:30','2023-07-15 04:33:30'),(220,'TRX-nVnMRnO3Pt','2023-07-15',1,'1','5','1009',1,1,'2023-07-15 04:33:30','2023-07-15 04:33:30'),(221,'TRX-ywghc3r7O3','2023-07-15',1,'1','5','1010',1,1,'2023-07-15 04:33:30','2023-07-15 04:33:30'),(222,'TRX-5iWIylHpZj','2023-07-15',1,'1','5','1011',1,1,'2023-07-15 04:33:30','2023-07-15 04:33:30'),(223,'TRX-2aFhvqLq9W','2023-07-15',1,'1','5','1012',1,1,'2023-07-15 04:33:30','2023-07-15 04:33:30'),(224,'TRX-p3YBbbprv3','2023-07-15',1,'1','5','1013',1,1,'2023-07-15 04:33:30','2023-07-15 04:33:30'),(225,'TRX-JMwwG2j4Pp','2023-07-15',1,'1','5','1014',1,1,'2023-07-15 04:33:30','2023-07-15 04:33:30'),(226,'TRX-skzIHaLbgd','2023-07-15',1,'1','5','1015',1,1,'2023-07-15 04:33:30','2023-07-15 04:33:30'),(227,'TRX-BjDirsKCQi','2023-07-15',1,'1','5','1016',1,1,'2023-07-15 04:33:30','2023-07-15 04:33:30'),(228,'TRX-6p4Qe6yyIS','2023-07-15',1,'1','5','1017',1,1,'2023-07-15 04:33:30','2023-07-15 04:33:30'),(229,'TRX-H5qEEssvX0','2023-07-15',1,'1','5','1018',1,1,'2023-07-15 04:33:30','2023-07-15 04:33:30'),(230,'TRX-rTuJv3XRkV','2023-07-15',1,'1','5','1019',1,1,'2023-07-15 04:33:30','2023-07-15 04:33:30'),(231,'TRX-6ZdjBezeP2','2023-07-15',1,'1','5','1020',1,1,'2023-07-15 04:33:30','2023-07-15 04:33:30'),(232,'TRX-OyuHmwLjah','2023-07-15',1,'1','5','1021',1,1,'2023-07-15 04:33:30','2023-07-15 04:33:30'),(233,'TRX-o5rEMOEoqd','2023-07-15',1,'1','5','1022',1,1,'2023-07-15 04:33:30','2023-07-15 04:33:30'),(234,'TRX-quRx3EnOCl','2023-07-15',1,'1','5','1023',1,1,'2023-07-15 04:33:30','2023-07-15 04:33:30'),(235,'TRX-Z8MkLDbNJK','2023-07-15',1,'1','5','1024',1,1,'2023-07-15 04:33:30','2023-07-15 04:33:30'),(236,'TRX-JywGInUO9K','2023-07-15',1,'1','5','1025',1,1,'2023-07-15 04:33:30','2023-07-15 04:33:30'),(237,'TRX-XnYwZi07Nw','2023-07-15',1,'1','5','1026',1,1,'2023-07-15 04:33:30','2023-07-15 04:33:30'),(238,'TRX-VCLEfsREUy','2023-07-15',1,'1','5','1027',1,1,'2023-07-15 04:33:30','2023-07-15 04:33:30'),(239,'TRX-b8i2r50bXM','2023-07-15',1,'1','5','1028',1,1,'2023-07-15 04:33:30','2023-07-15 04:33:30'),(240,'TRX-ZTrafV84Ds','2023-07-15',1,'1','5','1029',1,1,'2023-07-15 04:33:30','2023-07-15 04:33:30'),(241,'TRX-pJh4Gnhts7','2023-07-15',1,'1','5','1030',1,1,'2023-07-15 04:33:30','2023-07-15 04:33:30'),(242,'TRX-SFKtFkniWu','2023-07-15',1,'1','5','1031',1,1,'2023-07-15 04:33:30','2023-07-15 04:33:30'),(243,'TRX-Umf19mZ3Pd','2023-07-15',1,'1','5','1032',1,1,'2023-07-15 04:33:30','2023-07-15 04:33:30'),(244,'TRX-vpKYtTwltT','2023-07-15',1,'1','5','1033',1,1,'2023-07-15 04:33:30','2023-07-15 04:33:30'),(245,'TRX-fYbzgNylCF','2023-07-15',1,'1','5','1034',1,1,'2023-07-15 04:33:30','2023-07-15 04:33:30'),(246,'TRX-gapnutDEmT','2023-07-15',1,'1','5','1035',1,1,'2023-07-15 04:33:30','2023-07-15 04:33:30'),(247,'TRX-6uF5CYHQCq','2023-07-15',1,'1','5','1036',1,1,'2023-07-15 04:33:30','2023-07-15 04:33:30'),(248,'TRX-G4Vy0c3Fim','2023-07-15',1,'1','5','1037',1,1,'2023-07-15 04:33:30','2023-07-15 04:33:30'),(249,'TRX-Ijprc2kOvQ','2023-07-15',1,'1','5','1038',1,1,'2023-07-15 04:33:30','2023-07-15 04:33:30'),(250,'TRX-664T4bWbfr','2023-07-15',1,'1','5','1039',1,1,'2023-07-15 04:33:30','2023-07-15 04:33:30'),(251,'TRX-5zIthl8K50','2023-07-15',1,'1','5','1040',1,1,'2023-07-15 04:33:30','2023-07-15 04:33:30'),(252,'TRX-F9fMAdt5Ug','2023-07-15',1,'1','5','1041',1,1,'2023-07-15 04:33:30','2023-07-15 04:33:30'),(253,'TRX-vYDJGgkUXv','2023-07-15',1,'1','5','1042',1,1,'2023-07-15 04:33:30','2023-07-15 04:33:30'),(254,'TRX-O1Xaw4bIDS','2023-07-15',1,'1','5','1043',1,1,'2023-07-15 04:33:30','2023-07-15 04:33:30'),(255,'TRX-X8fOwTCGkj','2023-07-15',1,'1','5','1044',1,1,'2023-07-15 04:33:30','2023-07-15 04:33:30'),(256,'TRX-P4vaqXpV0U','2023-07-15',1,'1','5','1045',1,1,'2023-07-15 04:33:30','2023-07-15 04:33:30'),(257,'TRX-asFktZxCG8','2023-07-15',1,'1','5','1046',1,1,'2023-07-15 04:33:30','2023-07-15 04:33:30'),(258,'TRX-UDQGISYIVq','2023-07-15',1,'1','5','1047',1,1,'2023-07-15 04:33:30','2023-07-15 04:33:30'),(259,'TRX-v3VAmJnJXP','2023-07-15',1,'1','5','1048',1,1,'2023-07-15 04:33:30','2023-07-15 04:33:30'),(260,'TRX-5Dzzrk0tZ9','2023-07-15',1,'1','5','1049',1,1,'2023-07-15 04:33:30','2023-07-15 04:33:30'),(261,'TRX-7QuOkzy4dD','2023-07-15',1,'1','5','1050',1,1,'2023-07-15 04:33:30','2023-07-15 04:33:30'),(262,'TRX-G0wwtZdTCI','2023-07-15',1,'1','5','1051',1,1,'2023-07-15 04:33:30','2023-07-15 04:33:30'),(263,'TRX-PIhYeOLa1h','2023-07-15',1,'1','5','1052',1,1,'2023-07-15 04:33:30','2023-07-15 04:33:30'),(264,'TRX-SWsHPbRlJ4','2023-07-15',1,'1','5','1053',1,1,'2023-07-15 04:33:30','2023-07-15 04:33:30'),(265,'TRX-JynV8hChlc','2023-07-15',1,'1','5','1054',1,1,'2023-07-15 04:33:30','2023-07-15 04:33:30'),(266,'TRX-mjDOaqYlKg','2023-07-15',1,'1','5','1055',1,1,'2023-07-15 04:33:30','2023-07-15 04:33:30'),(267,'TRX-GR8WdYliw0','2023-07-15',1,'1','5','1056',1,1,'2023-07-15 04:33:30','2023-07-15 04:33:30'),(268,'TRX-XuA6e5LXyt','2023-07-15',1,'1','5','1057',1,1,'2023-07-15 04:33:30','2023-07-15 04:33:30'),(269,'TRX-802panHEAB','2023-07-15',1,'1','5','1058',1,1,'2023-07-15 04:33:30','2023-07-15 04:33:30'),(270,'TRX-aGLpzMfcDD','2023-07-15',1,'1','5','1059',1,1,'2023-07-15 04:33:30','2023-07-15 04:33:30'),(271,'TRX-IdQ6fdiaHR','2023-07-15',1,'1','5','1060',1,1,'2023-07-15 04:33:30','2023-07-15 04:33:30'),(272,'TRX-I9ntskeCpj','2023-07-15',1,'1','5','1061',1,1,'2023-07-15 04:33:30','2023-07-15 04:33:30'),(273,'TRX-m4ERSTVhdJ','2023-07-15',1,'1','5','1062',1,1,'2023-07-15 04:33:30','2023-07-15 04:33:30'),(274,'TRX-Yq2oenSXxT','2023-07-15',1,'1','5','1063',1,1,'2023-07-15 04:33:30','2023-07-15 04:33:30'),(275,'TRX-J1LTQUbHNP','2023-07-15',1,'1','5','1064',1,1,'2023-07-15 04:33:30','2023-07-15 04:33:30'),(276,'TRX-nbWLOegis1','2023-07-15',1,'1','5','1065',1,1,'2023-07-15 04:33:30','2023-07-15 04:33:30'),(277,'TRX-pry13RDXmr','2023-07-15',1,'1','5','1066',1,1,'2023-07-15 04:33:30','2023-07-15 04:33:30'),(278,'TRX-4jHiQvSjzZ','2023-07-15',1,'1','5','1067',1,1,'2023-07-15 04:33:30','2023-07-15 04:33:30'),(279,'TRX-ImGgkifbUN','2023-07-15',1,'1','5','1068',1,1,'2023-07-15 04:33:30','2023-07-15 04:33:30'),(280,'TRX-SUIb9wLsTF','2023-07-15',1,'1','5','1069',1,1,'2023-07-15 04:33:30','2023-07-15 04:33:30'),(281,'TRX-QSqUm1RHA1','2023-07-15',1,'1','5','1070',1,1,'2023-07-15 04:33:30','2023-07-15 04:33:30'),(282,'TRX-ke8vX29UWE','2023-07-15',1,'1','5','1071',1,1,'2023-07-15 04:33:30','2023-07-15 04:33:30'),(283,'TRX-EY9zLVZhuX','2023-07-15',1,'1','5','1072',1,1,'2023-07-15 04:33:30','2023-07-15 04:33:30'),(284,'TRX-S6Ni7wugtQ','2023-07-15',1,'1','5','1073',1,1,'2023-07-15 04:33:30','2023-07-15 04:33:30'),(285,'TRX-rmNX8pxSwM','2023-07-15',1,'1','5','1074',1,1,'2023-07-15 04:33:30','2023-07-15 04:33:30'),(286,'TRX-SDR2hb2SHX','2023-07-15',1,'1','5','1075',1,1,'2023-07-15 04:33:30','2023-07-15 04:33:30'),(287,'TRX-xPWguDBZgP','2023-07-15',1,'1','5','1076',1,1,'2023-07-15 04:33:30','2023-07-15 04:33:30'),(288,'TRX-m9pckCw4aV','2023-07-15',1,'1','5','1077',1,1,'2023-07-15 04:33:30','2023-07-15 04:33:30'),(289,'TRX-sZJ3oFnyxr','2023-07-15',1,'1','5','1078',1,1,'2023-07-15 04:33:30','2023-07-15 04:33:30'),(290,'TRX-ZwkkwQVIyp','2023-07-15',1,'1','5','1079',1,1,'2023-07-15 04:33:30','2023-07-15 04:33:30'),(291,'TRX-vAhsacDGy3','2023-07-15',1,'1','5','1080',1,1,'2023-07-15 04:33:30','2023-07-15 04:33:30'),(292,'TRX-CXjmrzhOaO','2023-07-15',1,'1','5','1081',1,1,'2023-07-15 04:33:30','2023-07-15 04:33:30'),(293,'TRX-DzqoyGaqvj','2023-07-15',1,'1','5','1082',1,1,'2023-07-15 04:33:30','2023-07-15 04:33:30'),(294,'TRX-1KUYin4tzk','2023-07-15',1,'1','5','1083',1,1,'2023-07-15 04:33:30','2023-07-15 04:33:30'),(295,'TRX-gOJE2tB1E1','2023-07-15',1,'1','5','1084',1,1,'2023-07-15 04:33:30','2023-07-15 04:33:30'),(296,'TRX-Wn9RGQNtz3','2023-07-15',1,'1','5','1085',1,1,'2023-07-15 04:33:30','2023-07-15 04:33:30'),(297,'TRX-AttJR5NOb9','2023-07-15',1,'1','5','1086',1,1,'2023-07-15 04:33:30','2023-07-15 04:33:30'),(298,'TRX-mKPrb25stk','2023-07-15',1,'1','5','1087',1,1,'2023-07-15 04:33:30','2023-07-15 04:33:30'),(299,'TRX-Bze3oEcC0s','2023-07-15',1,'1','5','1088',1,1,'2023-07-15 04:33:30','2023-07-15 04:33:30'),(300,'TRX-F35WdTFSAI','2023-07-15',1,'1','5','1089',1,1,'2023-07-15 04:33:30','2023-07-15 04:33:30'),(301,'TRX-mItX1NU3Np','2023-07-15',1,'1','5','1090',1,1,'2023-07-15 04:33:30','2023-07-15 04:33:30'),(302,'TRX-4K421i6rX0','2023-07-15',1,'1','5','1091',1,1,'2023-07-15 04:33:30','2023-07-15 04:33:30'),(303,'TRX-cJz2mK83ud','2023-07-15',1,'1','5','1092',1,1,'2023-07-15 04:33:30','2023-07-15 04:33:30'),(304,'TRX-pizzTYQIJC','2023-07-15',1,'1','5','1093',1,1,'2023-07-15 04:33:30','2023-07-15 04:33:30'),(305,'TRX-96gcm6J1fe','2023-07-15',1,'1','5','1094',1,1,'2023-07-15 04:33:30','2023-07-15 04:33:30'),(306,'TRX-i7HA0v6P2V','2023-07-15',1,'1','5','1095',1,1,'2023-07-15 04:33:30','2023-07-15 04:33:30'),(307,'TRX-w7HhvW8XSg','2023-07-15',1,'1','5','1096',1,1,'2023-07-15 04:33:30','2023-07-15 04:33:30'),(308,'TRX-Maf2OHM8Dy','2023-07-15',1,'1','5','1097',1,1,'2023-07-15 04:33:30','2023-07-15 04:33:30'),(309,'TRX-JsgEuhPaun','2023-07-15',1,'1','5','1098',1,1,'2023-07-15 04:33:30','2023-07-15 04:33:30'),(310,'TRX-TwfyylXODT','2023-07-15',1,'1','5','1099',1,1,'2023-07-15 04:33:30','2023-07-15 04:33:30'),(311,'TRX-P73BaboQ5O','2023-07-15',1,'1','5','1100',1,1,'2023-07-15 04:33:30','2023-07-15 04:33:30'),(312,'TRX-rgaulCHjaP','2023-07-15',1,'1','5','1101',1,1,'2023-07-15 04:33:30','2023-07-15 04:33:30'),(313,'TRX-AvoY5vddtm','2023-07-15',1,'1','5','1102',1,1,'2023-07-15 04:33:30','2023-07-15 04:33:30'),(314,'TRX-fxqjSgHInO','2023-07-15',1,'1','5','1103',1,1,'2023-07-15 04:33:30','2023-07-15 04:33:30'),(315,'TRX-kv5JDnlVfZ','2023-07-15',1,'1','5','1104',1,1,'2023-07-15 04:33:30','2023-07-15 04:33:30'),(316,'TRX-tTxMC5GUXY','2023-07-15',1,'1','5','1105',1,1,'2023-07-15 04:33:30','2023-07-15 04:33:30'),(317,'TRX-mHeCntAN3H','2023-07-15',1,'1','5','1106',1,1,'2023-07-15 04:33:30','2023-07-15 04:33:30'),(318,'TRX-xAOswJo4LP','2023-07-15',1,'1','5','1107',1,1,'2023-07-15 04:33:30','2023-07-15 04:33:30'),(319,'TRX-J6PE3yVqEl','2023-07-15',1,'1','5','1108',1,1,'2023-07-15 04:33:30','2023-07-15 04:33:30'),(320,'TRX-hqxoNNXWQu','2023-07-15',1,'1','5','1109',1,1,'2023-07-15 04:33:30','2023-07-15 04:33:30'),(321,'TRX-gWxRjMfKG4','2023-07-15',1,'1','5','1110',1,1,'2023-07-15 04:33:30','2023-07-15 04:33:30'),(322,'TRX-tgdtETWloI','2023-07-15',1,'1','5','1111',1,1,'2023-07-15 04:33:30','2023-07-15 04:33:30'),(323,'TRX-zfRFXI80n8','2023-07-15',1,'1','5','1112',1,1,'2023-07-15 04:33:30','2023-07-15 04:33:30'),(324,'TRX-s2AcQWqx52','2023-07-15',1,'1','5','1113',1,1,'2023-07-15 04:33:30','2023-07-15 04:33:30'),(325,'TRX-sNyKVGMvdg','2023-07-15',1,'1','5','1114',1,1,'2023-07-15 04:33:30','2023-07-15 04:33:30'),(326,'TRX-Nz08EevNOn','2023-07-15',1,'1','5','1115',1,1,'2023-07-15 04:33:30','2023-07-15 04:33:30'),(327,'TRX-Rs9TbxjVaX','2023-07-15',1,'1','5','1116',1,1,'2023-07-15 04:33:30','2023-07-15 04:33:30'),(328,'TRX-L5g2xnolM4','2023-07-15',1,'1','5','1117',1,1,'2023-07-15 04:33:30','2023-07-15 04:33:30'),(329,'TRX-nkMiiYFayw','2023-07-15',1,'1','5','1118',1,1,'2023-07-15 04:33:30','2023-07-15 04:33:30'),(330,'TRX-5ynGHfiYpo','2023-07-15',1,'1','5','1119',1,1,'2023-07-15 04:33:30','2023-07-15 04:33:30'),(331,'TRX-xI0B3LKCNs','2023-07-15',1,'1','5','1120',1,1,'2023-07-15 04:33:30','2023-07-15 04:33:30'),(332,'TRX-NafhCaabiA','2023-07-15',1,'1','5','1121',1,1,'2023-07-15 04:33:30','2023-07-15 04:33:30'),(333,'TRX-eQuY8godDe','2023-07-15',1,'1','5','1122',1,1,'2023-07-15 04:33:30','2023-07-15 04:33:30'),(334,'TRX-QNoqN8kvA9','2023-07-15',1,'1','5','1123',1,1,'2023-07-15 04:33:30','2023-07-15 04:33:30'),(335,'TRX-9j7kuRHhe9','2023-07-15',1,'1','5','1124',1,1,'2023-07-15 04:33:30','2023-07-15 04:33:30'),(336,'TRX-YUXuxQpr6N','2023-07-15',1,'1','5','1125',1,1,'2023-07-15 04:33:30','2023-07-15 04:33:30'),(337,'TRX-rZzVkoF7zJ','2023-07-15',1,'1','5','1126',1,1,'2023-07-15 04:33:30','2023-07-15 04:33:30'),(338,'TRX-zWXmSWMIow','2023-07-15',1,'1','5','1127',1,1,'2023-07-15 04:33:30','2023-07-15 04:33:30'),(339,'TRX-9mVkvdgsMT','2023-07-15',1,'1','5','1128',1,1,'2023-07-15 04:33:30','2023-07-15 04:33:30'),(340,'TRX-9cadRTBRxd','2023-07-15',1,'1','5','1129',1,1,'2023-07-15 04:33:30','2023-07-15 04:33:30'),(341,'TRX-UPWrTV9NkZ','2023-07-15',1,'1','5','1130',1,1,'2023-07-15 04:33:30','2023-07-15 04:33:30'),(342,'TRX-uGzQI2wM90','2023-07-15',1,'1','5','1131',1,1,'2023-07-15 04:33:30','2023-07-15 04:33:30'),(343,'TRX-Z1oeSebxNe','2023-07-15',1,'1','5','1132',1,1,'2023-07-15 04:33:30','2023-07-15 04:33:30'),(344,'TRX-H8QaoNYU1N','2023-07-15',1,'1','5','1133',1,1,'2023-07-15 04:33:30','2023-07-15 04:33:30'),(345,'TRX-6AEorkg0st','2023-07-15',1,'1','5','1134',1,1,'2023-07-15 04:33:30','2023-07-15 04:33:30'),(346,'TRX-LaVbFQ86Jc','2023-07-15',1,'1','5','1135',1,1,'2023-07-15 04:33:30','2023-07-15 04:33:30'),(347,'TRX-OsUZ9xKByR','2023-07-15',1,'1','5','1136',1,1,'2023-07-15 04:33:30','2023-07-15 04:33:30'),(348,'TRX-sIulnzOhys','2023-07-15',1,'1','5','1137',1,1,'2023-07-15 04:33:30','2023-07-15 04:33:30'),(349,'TRX-tekRa9nzUU','2023-07-15',1,'1','5','1138',1,1,'2023-07-15 04:33:30','2023-07-15 04:33:30'),(350,'TRX-oySgPbnPVV','2023-07-15',1,'1','5','1139',1,1,'2023-07-15 04:33:30','2023-07-15 04:33:30'),(351,'TRX-pFMPbOWP8m','2023-07-15',1,'1','5','990',1,1,'2023-07-15 04:33:30','2023-07-15 04:33:30'),(352,'TRX-xNUd4SOF3m','2023-07-15',1,'1','5','991',1,1,'2023-07-15 04:33:30','2023-07-15 04:33:30'),(353,'TRX-KMV8QEwYMZ','2023-07-15',1,'1','5','992',1,1,'2023-07-15 04:33:30','2023-07-15 04:33:30'),(354,'TRX-UJheoexjPT','2023-07-15',1,'1','5','993',1,1,'2023-07-15 04:33:30','2023-07-15 04:33:30'),(355,'TRX-HxTXcLJ50v','2023-07-15',1,'1','5','994',1,1,'2023-07-15 04:33:30','2023-07-15 04:33:30'),(356,'TRX-V62vTnigII','2023-07-15',1,'1','5','995',1,1,'2023-07-15 04:33:30','2023-07-15 04:33:30'),(357,'TRX-BDrr0RJnNq','2023-07-15',1,'1','5','996',1,1,'2023-07-15 04:33:30','2023-07-15 04:33:30'),(358,'TRX-hwTiZWoYTi','2023-07-15',1,'1','5','997',1,1,'2023-07-15 04:33:30','2023-07-15 04:33:30'),(359,'TRX-KK65niggYs','2023-07-15',1,'1','5','998',1,1,'2023-07-15 04:33:30','2023-07-15 04:33:30'),(360,'TRX-L71jvG5Cez','2023-07-15',1,'1','5','999',1,1,'2023-07-15 04:33:30','2023-07-15 04:33:30'),(361,'TRX-soI2P2AvhO','2023-07-15',1,'1','5','1000',1,1,'2023-07-15 04:33:30','2023-07-15 04:33:30'),(362,'TRX-siKUqQhVIB','2023-07-15',1,'1','5','1001',1,1,'2023-07-15 04:33:30','2023-07-15 04:33:30'),(363,'TRX-Pc3B6HNddt','2023-07-15',1,'1','5','1002',1,1,'2023-07-15 04:33:30','2023-07-15 04:33:30'),(364,'TRX-CCdgEj5GXK','2023-07-15',1,'1','5','1003',1,1,'2023-07-15 04:33:30','2023-07-15 04:33:30'),(365,'TRX-L94rQeyNZJ','2023-07-15',1,'1','5','1004',1,1,'2023-07-15 04:33:30','2023-07-15 04:33:30'),(366,'TRX-co8Wxvelml','2023-07-15',1,'1','5','1005',1,1,'2023-07-15 04:33:30','2023-07-15 04:33:30'),(367,'TRX-f4MRkelDq6','2023-07-15',1,'1','5','1006',1,1,'2023-07-15 04:33:30','2023-07-15 04:33:30'),(368,'TRX-Ra6fNNAFBa','2023-07-15',1,'1','5','1007',1,1,'2023-07-15 04:33:30','2023-07-15 04:33:30'),(369,'TRX-1cDpO4rWnV','2023-07-15',1,'1','5','1008',1,1,'2023-07-15 04:33:30','2023-07-15 04:33:30'),(370,'TRX-cZ9Fe8KjXY','2023-07-15',1,'1','5','1009',1,1,'2023-07-15 04:33:30','2023-07-15 04:33:30'),(371,'TRX-mZOmLruKkK','2023-07-15',1,'1','5','1010',1,1,'2023-07-15 04:33:30','2023-07-15 04:33:30'),(372,'TRX-rjURjU7T8D','2023-07-15',1,'1','5','1011',1,1,'2023-07-15 04:33:30','2023-07-15 04:33:30'),(373,'TRX-kSNec90vK5','2023-07-15',1,'1','5','1012',1,1,'2023-07-15 04:33:30','2023-07-15 04:33:30'),(374,'TRX-aNxc3eT7Xb','2023-07-15',1,'1','5','1013',1,1,'2023-07-15 04:33:30','2023-07-15 04:33:30'),(375,'TRX-QPvQYv4PfQ','2023-07-15',1,'1','5','1014',1,1,'2023-07-15 04:33:30','2023-07-15 04:33:30'),(376,'TRX-EYyX44whgJ','2023-07-15',1,'1','5','1015',1,1,'2023-07-15 04:33:30','2023-07-15 04:33:30'),(377,'TRX-24gixePZVC','2023-07-15',1,'1','5','1016',1,1,'2023-07-15 04:33:30','2023-07-15 04:33:30'),(378,'TRX-fyIPOn9rui','2023-07-15',1,'1','5','1017',1,1,'2023-07-15 04:33:30','2023-07-15 04:33:30'),(379,'TRX-Aa3gOlInK2','2023-07-15',1,'1','5','1018',1,1,'2023-07-15 04:33:30','2023-07-15 04:33:30'),(380,'TRX-UjR44HPXrM','2023-07-15',1,'1','5','1019',1,1,'2023-07-15 04:33:30','2023-07-15 04:33:30'),(381,'TRX-SWvoi6GNyP','2023-07-15',1,'1','5','1020',1,1,'2023-07-15 04:33:30','2023-07-15 04:33:30'),(382,'TRX-wwXQTbzSNp','2023-07-15',1,'1','5','1021',1,1,'2023-07-15 04:33:30','2023-07-15 04:33:30'),(383,'TRX-i1CWGA8c2r','2023-07-15',1,'1','5','1022',1,1,'2023-07-15 04:33:30','2023-07-15 04:33:30'),(384,'TRX-tVKUeQYTAR','2023-07-15',1,'1','5','1023',1,1,'2023-07-15 04:33:30','2023-07-15 04:33:30'),(385,'TRX-QpcooonErr','2023-07-15',1,'1','5','1024',1,1,'2023-07-15 04:33:30','2023-07-15 04:33:30'),(386,'TRX-JQKCx8VeMc','2023-07-15',1,'1','5','1025',1,1,'2023-07-15 04:33:30','2023-07-15 04:33:30'),(387,'TRX-DF4j5LN8kS','2023-07-15',1,'1','5','1026',1,1,'2023-07-15 04:33:30','2023-07-15 04:33:30'),(388,'TRX-Md9M4j1jGF','2023-07-15',1,'1','5','1027',1,1,'2023-07-15 04:33:30','2023-07-15 04:33:30'),(389,'TRX-Op6f0YMjHy','2023-07-15',1,'1','5','1028',1,1,'2023-07-15 04:33:30','2023-07-15 04:33:30'),(390,'TRX-0785I3Vehb','2023-07-15',1,'1','5','1029',1,1,'2023-07-15 04:33:30','2023-07-15 04:33:30'),(391,'TRX-iusHcBUocH','2023-07-15',1,'1','5','1030',1,1,'2023-07-15 04:33:30','2023-07-15 04:33:30'),(392,'TRX-AaV2SeWP54','2023-07-15',1,'1','5','1031',1,1,'2023-07-15 04:33:30','2023-07-15 04:33:30'),(393,'TRX-SJO0UBvIBl','2023-07-15',1,'1','5','1032',1,1,'2023-07-15 04:33:30','2023-07-15 04:33:30'),(394,'TRX-6WaoY6tkT6','2023-07-15',1,'1','5','1033',1,1,'2023-07-15 04:33:30','2023-07-15 04:33:30'),(395,'TRX-hApjzctjOB','2023-07-15',1,'1','5','1034',1,1,'2023-07-15 04:33:30','2023-07-15 04:33:30'),(396,'TRX-SC8Wu20wnI','2023-07-15',1,'1','5','1035',1,1,'2023-07-15 04:33:30','2023-07-15 04:33:30'),(397,'TRX-Ib869xuPrT','2023-07-15',1,'1','5','1036',1,1,'2023-07-15 04:33:30','2023-07-15 04:33:30'),(398,'TRX-vGUUZjFtqb','2023-07-15',1,'1','5','1037',1,1,'2023-07-15 04:33:30','2023-07-15 04:33:30'),(399,'TRX-FOCq6z7eSP','2023-07-15',1,'1','5','1038',1,1,'2023-07-15 04:33:30','2023-07-15 04:33:30'),(400,'TRX-iZfNbmhkVA','2023-07-15',1,'1','5','1039',1,1,'2023-07-15 04:33:30','2023-07-15 04:33:30'),(401,'TRX-3UwOqA0juY','2023-07-15',1,'1','5','1040',1,1,'2023-07-15 04:33:30','2023-07-15 04:33:30'),(402,'TRX-RWoIQIcmae','2023-07-15',1,'1','5','1041',1,1,'2023-07-15 04:33:30','2023-07-15 04:33:30'),(403,'TRX-ho0euXS9m7','2023-07-15',1,'1','5','1042',1,1,'2023-07-15 04:33:30','2023-07-15 04:33:30'),(404,'TRX-7Lc6Oe8IjK','2023-07-15',1,'1','5','1043',1,1,'2023-07-15 04:33:30','2023-07-15 04:33:30'),(405,'TRX-3JvF1QD2df','2023-07-15',1,'1','5','1044',1,1,'2023-07-15 04:33:30','2023-07-15 04:33:30'),(406,'TRX-D6hXADuI3r','2023-07-15',1,'1','5','1045',1,1,'2023-07-15 04:33:30','2023-07-15 04:33:30'),(407,'TRX-KOW4VFQTHh','2023-07-15',1,'1','5','1046',1,1,'2023-07-15 04:33:30','2023-07-15 04:33:30'),(408,'TRX-R2nTTZHQ2o','2023-07-15',1,'1','5','1047',1,1,'2023-07-15 04:33:30','2023-07-15 04:33:30'),(409,'TRX-PMJrezrEik','2023-07-15',1,'1','5','1048',1,1,'2023-07-15 04:33:30','2023-07-15 04:33:30'),(410,'TRX-4UNdWtO7Qd','2023-07-15',1,'1','5','1049',1,1,'2023-07-15 04:33:30','2023-07-15 04:33:30'),(411,'TRX-5cyH0M4W4S','2023-07-15',1,'1','5','1050',1,1,'2023-07-15 04:33:30','2023-07-15 04:33:30'),(412,'TRX-Oq9mdmWPDa','2023-07-15',1,'1','5','1051',1,1,'2023-07-15 04:33:30','2023-07-15 04:33:30'),(413,'TRX-7oKI1pzXuf','2023-07-15',1,'1','5','1052',1,1,'2023-07-15 04:33:30','2023-07-15 04:33:30'),(414,'TRX-saWTCtczNx','2023-07-15',1,'1','5','1053',1,1,'2023-07-15 04:33:30','2023-07-15 04:33:30'),(415,'TRX-mUNLMpEiMZ','2023-07-15',1,'1','5','1054',1,1,'2023-07-15 04:33:30','2023-07-15 04:33:30'),(416,'TRX-LyeFyu4fqu','2023-07-15',1,'1','5','1055',1,1,'2023-07-15 04:33:30','2023-07-15 04:33:30'),(417,'TRX-GZpNPByzwR','2023-07-15',1,'1','5','1056',1,1,'2023-07-15 04:33:30','2023-07-15 04:33:30'),(418,'TRX-2IdtHpCpUv','2023-07-15',1,'1','5','1057',1,1,'2023-07-15 04:33:30','2023-07-15 04:33:30'),(419,'TRX-iR9qC66qCk','2023-07-15',1,'1','5','1058',1,1,'2023-07-15 04:33:30','2023-07-15 04:33:30'),(420,'TRX-3NiRnvFgXl','2023-07-15',1,'1','5','1059',1,1,'2023-07-15 04:33:30','2023-07-15 04:33:30'),(421,'TRX-GtjmUNtTeC','2023-07-15',1,'1','5','1060',1,1,'2023-07-15 04:33:30','2023-07-15 04:33:30'),(422,'TRX-jePhgrmfTJ','2023-07-15',1,'1','5','1061',1,1,'2023-07-15 04:33:30','2023-07-15 04:33:30'),(423,'TRX-6jWlLPL1aK','2023-07-15',1,'1','5','1062',1,1,'2023-07-15 04:33:30','2023-07-15 04:33:30'),(424,'TRX-9QjlsK1hzu','2023-07-15',1,'1','5','1063',1,1,'2023-07-15 04:33:30','2023-07-15 04:33:30'),(425,'TRX-uhuOqYFwIh','2023-07-15',1,'1','5','1064',1,1,'2023-07-15 04:33:30','2023-07-15 04:33:30'),(426,'TRX-swHc5NtNNM','2023-07-15',1,'1','5','1065',1,1,'2023-07-15 04:33:30','2023-07-15 04:33:30'),(427,'TRX-zVEmMLBPsa','2023-07-15',1,'1','5','1066',1,1,'2023-07-15 04:33:30','2023-07-15 04:33:30'),(428,'TRX-mqQW72hb37','2023-07-15',1,'1','5','1067',1,1,'2023-07-15 04:33:30','2023-07-15 04:33:30'),(429,'TRX-1hwG8cl3VZ','2023-07-15',1,'1','5','1068',1,1,'2023-07-15 04:33:30','2023-07-15 04:33:30'),(430,'TRX-YKb7KTMZeo','2023-07-15',1,'1','5','1069',1,1,'2023-07-15 04:33:30','2023-07-15 04:33:30'),(431,'TRX-kqrvXknlFD','2023-07-15',1,'1','5','1070',1,1,'2023-07-15 04:33:30','2023-07-15 04:33:30'),(432,'TRX-TiXfNVHcLy','2023-07-15',1,'1','5','1071',1,1,'2023-07-15 04:33:30','2023-07-15 04:33:30'),(433,'TRX-48OSLhCdrC','2023-07-15',1,'1','5','1072',1,1,'2023-07-15 04:33:30','2023-07-15 04:33:30'),(434,'TRX-SvCusbNzKl','2023-07-15',1,'1','5','1073',1,1,'2023-07-15 04:33:30','2023-07-15 04:33:30'),(435,'TRX-hA2bCKSjAz','2023-07-15',1,'1','5','1074',1,1,'2023-07-15 04:33:30','2023-07-15 04:33:30'),(436,'TRX-shl2PZB8H9','2023-07-15',1,'1','5','1075',1,1,'2023-07-15 04:33:30','2023-07-15 04:33:30'),(437,'TRX-qL04Q1xhVa','2023-07-15',1,'1','5','1076',1,1,'2023-07-15 04:33:30','2023-07-15 04:33:30'),(438,'TRX-u18iy6S5tk','2023-07-15',1,'1','5','1077',1,1,'2023-07-15 04:33:30','2023-07-15 04:33:30'),(439,'TRX-88eMPKgWdt','2023-07-15',1,'1','5','1078',1,1,'2023-07-15 04:33:30','2023-07-15 04:33:30'),(440,'TRX-fntuIL7tuh','2023-07-15',1,'1','5','1079',1,1,'2023-07-15 04:33:30','2023-07-15 04:33:30'),(441,'TRX-wE4A5mNnEU','2023-07-15',1,'1','5','1080',1,1,'2023-07-15 04:33:30','2023-07-15 04:33:30'),(442,'TRX-gEJyJnGsNL','2023-07-15',1,'1','5','1081',1,1,'2023-07-15 04:33:30','2023-07-15 04:33:30'),(443,'TRX-oDdlcMHw0Q','2023-07-15',1,'1','5','1082',1,1,'2023-07-15 04:33:30','2023-07-15 04:33:30'),(444,'TRX-iSncD3lshy','2023-07-15',1,'1','5','1083',1,1,'2023-07-15 04:33:30','2023-07-15 04:33:30'),(445,'TRX-8HYo0HYLJm','2023-07-15',1,'1','5','1084',1,1,'2023-07-15 04:33:30','2023-07-15 04:33:30'),(446,'TRX-INArC5e4nS','2023-07-15',1,'1','5','1085',1,1,'2023-07-15 04:33:30','2023-07-15 04:33:30'),(447,'TRX-4U46dhLKN9','2023-07-15',1,'1','5','1086',1,1,'2023-07-15 04:33:30','2023-07-15 04:33:30'),(448,'TRX-4qEOaBDbaG','2023-07-15',1,'1','5','1087',1,1,'2023-07-15 04:33:30','2023-07-15 04:33:30'),(449,'TRX-ghTL8LrNsG','2023-07-15',1,'1','5','1088',1,1,'2023-07-15 04:33:30','2023-07-15 04:33:30'),(450,'TRX-6q1CCZHeog','2023-07-15',1,'1','5','1089',1,1,'2023-07-15 04:33:30','2023-07-15 04:33:30'),(451,'TRX-HLEH6KiLzs','2023-07-15',1,'1','5','990',1,1,'2023-04-15 04:33:30','2023-04-15 04:33:30'),(452,'TRX-mhjQBeRIfm','2023-07-15',1,'1','5','991',1,1,'2023-04-15 04:33:30','2023-04-15 04:33:30'),(453,'TRX-idWqCMKIRu','2023-07-15',1,'1','5','992',1,1,'2023-04-15 04:33:30','2023-04-15 04:33:30'),(454,'TRX-sMVwKZ1G6f','2023-07-15',1,'1','5','993',1,1,'2023-04-15 04:33:30','2023-04-15 04:33:30'),(455,'TRX-aPQYsiWgst','2023-07-15',1,'1','5','994',1,1,'2023-04-15 04:33:30','2023-04-15 04:33:30'),(456,'TRX-pOGtwz5wFI','2023-07-15',1,'1','5','995',1,1,'2023-04-15 04:33:30','2023-04-15 04:33:30'),(457,'TRX-sJErJY2mLE','2023-07-15',1,'1','5','996',1,1,'2023-04-15 04:33:30','2023-04-15 04:33:30'),(458,'TRX-6FxTBmC6jw','2023-07-15',1,'1','5','997',1,1,'2023-04-15 04:33:30','2023-04-15 04:33:30'),(459,'TRX-nYKUwZ3R4O','2023-07-15',1,'1','5','998',1,1,'2023-04-15 04:33:30','2023-04-15 04:33:30'),(460,'TRX-pMJOaO1DUM','2023-07-15',1,'1','5','999',1,1,'2023-04-15 04:33:30','2023-04-15 04:33:30'),(461,'TRX-s1i4xIKil5','2023-07-15',1,'1','5','1000',1,1,'2023-04-15 04:33:30','2023-04-15 04:33:30'),(462,'TRX-4a0sE92XOs','2023-07-15',1,'1','5','1001',1,1,'2023-04-15 04:33:30','2023-04-15 04:33:30'),(463,'TRX-KPsl1R3ZQf','2023-07-15',1,'1','5','1002',1,1,'2023-04-15 04:33:30','2023-04-15 04:33:30'),(464,'TRX-2HxkyCfJxM','2023-07-15',1,'1','5','1003',1,1,'2023-04-15 04:33:30','2023-04-15 04:33:30'),(465,'TRX-RPsewC9yZb','2023-07-15',1,'1','5','1004',1,1,'2023-04-15 04:33:30','2023-04-15 04:33:30'),(466,'TRX-PYsa82GSgb','2023-07-15',1,'1','5','1005',1,1,'2023-04-15 04:33:30','2023-04-15 04:33:30'),(467,'TRX-shGLKo9rDx','2023-07-15',1,'1','5','1006',1,1,'2023-04-15 04:33:30','2023-04-15 04:33:30'),(468,'TRX-lt6aTkABXg','2023-07-15',1,'1','5','1007',1,1,'2023-04-15 04:33:30','2023-04-15 04:33:30'),(469,'TRX-PS93hccH7l','2023-07-15',1,'1','5','1008',1,1,'2023-04-15 04:33:30','2023-04-15 04:33:30'),(470,'TRX-WdjUQBxVy0','2023-07-15',1,'1','5','1009',1,1,'2023-04-15 04:33:30','2023-04-15 04:33:30'),(471,'TRX-TT9ZaWbFWS','2023-07-15',1,'1','5','1010',1,1,'2023-04-15 04:33:30','2023-04-15 04:33:30'),(472,'TRX-sVQKTAmPVF','2023-07-15',1,'1','5','1011',1,1,'2023-04-15 04:33:30','2023-04-15 04:33:30'),(473,'TRX-0bvgftYlPU','2023-07-15',1,'1','5','1012',1,1,'2023-04-15 04:33:30','2023-04-15 04:33:30'),(474,'TRX-2fPhzxolVF','2023-07-15',1,'1','5','1013',1,1,'2023-04-15 04:33:30','2023-04-15 04:33:30'),(475,'TRX-hGeEnaqoES','2023-07-15',1,'1','5','1014',1,1,'2023-04-15 04:33:30','2023-04-15 04:33:30'),(476,'TRX-oSoSlRwLBo','2023-07-15',1,'1','5','1015',1,1,'2023-04-15 04:33:30','2023-04-15 04:33:30'),(477,'TRX-7C5AWgoh6s','2023-07-15',1,'1','5','1016',1,1,'2023-04-15 04:33:30','2023-04-15 04:33:30'),(478,'TRX-jwkgmbGs9K','2023-07-15',1,'1','5','1017',1,1,'2023-04-15 04:33:30','2023-04-15 04:33:30'),(479,'TRX-msuHcmDQu1','2023-07-15',1,'1','5','1018',1,1,'2023-04-15 04:33:30','2023-04-15 04:33:30'),(480,'TRX-sIwdoPvrOa','2023-07-15',1,'1','5','1019',1,1,'2023-04-15 04:33:30','2023-04-15 04:33:30'),(481,'TRX-OGtyOtgq4l','2023-07-15',1,'1','5','1020',1,1,'2023-04-15 04:33:30','2023-04-15 04:33:30'),(482,'TRX-gpN6sYR0kS','2023-07-15',1,'1','5','1021',1,1,'2023-04-15 04:33:30','2023-04-15 04:33:30'),(483,'TRX-LgSQygszX1','2023-07-15',1,'1','5','1022',1,1,'2023-04-15 04:33:30','2023-04-15 04:33:30'),(484,'TRX-maKvsOntgH','2023-07-15',1,'1','5','1023',1,1,'2023-04-15 04:33:30','2023-04-15 04:33:30'),(485,'TRX-XIS0nXX5Ja','2023-07-15',1,'1','5','1024',1,1,'2023-04-15 04:33:30','2023-04-15 04:33:30'),(486,'TRX-KXqbPm0b4G','2023-07-15',1,'1','5','1025',1,1,'2023-04-15 04:33:30','2023-04-15 04:33:30'),(487,'TRX-Dqeuq9AcdS','2023-07-15',1,'1','5','1026',1,1,'2023-04-15 04:33:30','2023-04-15 04:33:30'),(488,'TRX-rKLSSnDUST','2023-07-15',1,'1','5','1027',1,1,'2023-04-15 04:33:30','2023-04-15 04:33:30'),(489,'TRX-3sKGdZ3QIu','2023-07-15',1,'1','5','1028',1,1,'2023-04-15 04:33:30','2023-04-15 04:33:30'),(490,'TRX-eBooKdSo4J','2023-07-15',1,'1','5','1029',1,1,'2023-04-15 04:33:30','2023-04-15 04:33:30'),(491,'TRX-ZNzGUeGvBq','2023-07-15',1,'1','5','1030',1,1,'2023-04-15 04:33:30','2023-04-15 04:33:30'),(492,'TRX-ElshWkweh0','2023-07-15',1,'1','5','1031',1,1,'2023-04-15 04:33:30','2023-04-15 04:33:30'),(493,'TRX-yl39lwrKDg','2023-07-15',1,'1','5','1032',1,1,'2023-04-15 04:33:30','2023-04-15 04:33:30'),(494,'TRX-tmuD91xJUw','2023-07-15',1,'1','5','1033',1,1,'2023-04-15 04:33:30','2023-04-15 04:33:30'),(495,'TRX-SO1nrcqCyo','2023-07-15',1,'1','5','1034',1,1,'2023-04-15 04:33:30','2023-04-15 04:33:30'),(496,'TRX-KpcbTsUs4I','2023-07-15',1,'1','5','1035',1,1,'2023-04-15 04:33:30','2023-04-15 04:33:30'),(497,'TRX-nIFJZLTnbx','2023-07-15',1,'1','5','1036',1,1,'2023-04-15 04:33:30','2023-04-15 04:33:30'),(498,'TRX-F6tRfJN2tG','2023-07-15',1,'1','5','1037',1,1,'2023-04-15 04:33:30','2023-04-15 04:33:30'),(499,'TRX-NJtb7SenlU','2023-07-15',1,'1','5','1038',1,1,'2023-04-15 04:33:30','2023-04-15 04:33:30'),(500,'TRX-GcY21XX1l1','2023-07-15',1,'1','5','1039',1,1,'2023-04-15 04:33:30','2023-04-15 04:33:30');
/*!40000 ALTER TABLE `pengiriman` ENABLE KEYS */;
UNLOCK TABLES;

--
-- Table structure for table `users`
--

DROP TABLE IF EXISTS `users`;
/*!40101 SET @saved_cs_client     = @@character_set_client */;
/*!50503 SET character_set_client = utf8mb4 */;
CREATE TABLE `users` (
  `id` bigint unsigned NOT NULL AUTO_INCREMENT,
  `name` varchar(255) COLLATE utf8mb4_unicode_ci NOT NULL,
  `email` varchar(255) COLLATE utf8mb4_unicode_ci NOT NULL,
  `email_verified_at` timestamp NULL DEFAULT NULL,
  `password` varchar(255) COLLATE utf8mb4_unicode_ci NOT NULL,
  `remember_token` varchar(100) COLLATE utf8mb4_unicode_ci DEFAULT NULL,
  `created_at` timestamp NULL DEFAULT NULL,
  `updated_at` timestamp NULL DEFAULT NULL,
  `api_token` varchar(255) COLLATE utf8mb4_unicode_ci NOT NULL,
  `role` varchar(255) COLLATE utf8mb4_unicode_ci NOT NULL DEFAULT 'kurir',
  PRIMARY KEY (`id`),
  UNIQUE KEY `users_email_unique` (`email`)
) ENGINE=InnoDB AUTO_INCREMENT=3 DEFAULT CHARSET=utf8mb4 COLLATE=utf8mb4_unicode_ci;
/*!40101 SET character_set_client = @saved_cs_client */;

--
-- Dumping data for table `users`
--

LOCK TABLES `users` WRITE;
/*!40000 ALTER TABLE `users` DISABLE KEYS */;
INSERT INTO `users` VALUES (1,'Admin Melly','adminmelly@mail.com',NULL,'$2y$10$8lFpOKezxG8tnvmW3COJzur6MPWObX9.Frlo3CqnPJ3Qsa2Lpnlvu',NULL,'2023-07-15 04:33:30','2023-07-15 04:33:30','Ajl7a0JBpdLIqJr2SpHhZuGV0xwBJF3StSRFoiGf7T9RFpiWQKlz0tfVrboq','admin'),(2,'Kurir Melly','kurirmelly@mail.com',NULL,'$2y$10$bHbA6LWEQBfSAfKLjaZBSe9g.OUiwrQtdueBJcgWsToF7EkMQUNBu',NULL,'2023-07-15 04:33:30','2023-07-15 04:33:30','Nw6NQylRBeYjo4f8N7ko5Ob7pAYsAGqT2hd0KBPC7rWsSkubyVOfUIngJ3AA','kurir');
/*!40000 ALTER TABLE `users` ENABLE KEYS */;
UNLOCK TABLES;
/*!40103 SET TIME_ZONE=@OLD_TIME_ZONE */;

/*!40101 SET SQL_MODE=@OLD_SQL_MODE */;
/*!40014 SET FOREIGN_KEY_CHECKS=@OLD_FOREIGN_KEY_CHECKS */;
/*!40014 SET UNIQUE_CHECKS=@OLD_UNIQUE_CHECKS */;
/*!40101 SET CHARACTER_SET_CLIENT=@OLD_CHARACTER_SET_CLIENT */;
/*!40101 SET CHARACTER_SET_RESULTS=@OLD_CHARACTER_SET_RESULTS */;
/*!40101 SET COLLATION_CONNECTION=@OLD_COLLATION_CONNECTION */;
/*!40111 SET SQL_NOTES=@OLD_SQL_NOTES */;

-- Dump completed on 2023-07-15 18:17:36
